author;date;genre;wikipedia;title;img;Musee;Type
Pablo Picasso;1881 - 1973;Cubism;http://en.wikipedia.org/wiki/Pablo_Picasso;Femme assise (Sitzende Frau);https://upload.wikimedia.org/wikipedia/en/3/36/Pablo_Picasso%2C_1909%2C_Femme_assise_%28Sitzende_Frau%29%2C_oil_on_canvas%2C_100_x_80_cm%2C_Staatliche_Museen_zu_Berlin%2C_Neue_Nationalgalerie.jpg;Staatliche Museen;Tableau
Henri Rousseau;1844 – 1910;Primitivism;https://en.wikipedia.org/wiki/Henri_Rousseau;The Merry Jesters;https://upload.wikimedia.org/wikipedia/commons/7/78/Henri_Rousseau_-_The_Merry_Jesters.jpg;;Tableau
Claude Monet;1840 - 1926;Impressionism;http://en.wikipedia.org/wiki/Claude_Monet;Women in the Garden;https://upload.wikimedia.org/wikipedia/commons/9/95/Claude_Monet_024.jpg;Musée d'Orsay;Tableau
Gustav Klimt;1862 - 1918;Symbolism;http://en.wikipedia.org/wiki/Gustav_Klimt;Philosophie;https://upload.wikimedia.org/wikipedia/commons/d/de/Philosophy-final-state-1907.jpg;;Tableau
Eugene Delacroix;1798 – 1863;Romanticism;https://en.wikipedia.org/wiki/Eugene_Delacroix;The Duke of Morny's Apartment;https://upload.wikimedia.org/wikipedia/commons/0/0d/Eug%C3%A8ne_Delacroix%2C_%22Appartement_du_comte_de_Mornay_rue_de_Verneuil%22.jpg;Louvre;Tableau
Marc Chagall;1887 - 1985;Primitivism;http://en.wikipedia.org/wiki/Marc_Chagall;To My Betrothed;https://upload.wikimedia.org/wikipedia/en/d/de/Marc_Chagall%2C_1911%2C_To_My_Betrothed%2C_gouache%2C_watercolor%2C_metallic_paint%2C_charcoal%2C_and_ink_on_paper%2C_mounted_on_cardboard%2C_61_x_44.5_cm%2C_Philadelphia_Museum_of_Art.jpg;Philadelphia Museum of Art;Tableau
Michelangelo;1475 – 1564;Renaissance;https://en.wikipedia.org/wiki/Michelangelo;Madonna and Child;https://upload.wikimedia.org/wikipedia/commons/8/80/Madonna_michelangelo1.jpg;Madonna and Child;Tableau
Kazimir Malevich;1879 - 1935;Suprematism;http://en.wikipedia.org/wiki/Kazimir_Malevich;Composition with the Mona Lisa;https://upload.wikimedia.org/wikipedia/commons/4/4b/Kazimir_Malevich%2C_1914%2C_Composition_with_the_Mona_Lisa%2C_oil%2C_collage_and_graphite_on_canvas%2C_62.5_%C3%97_49.3_cm%2C_Russian_Museum.jpg;;Tableau
Vincent van Gogh;1853 – 1890;Post-Impressionism;http://en.wikipedia.org/wiki/Vincent_van_Gogh;Portrait of Père Tanguy;https://upload.wikimedia.org/wikipedia/commons/5/5f/Van_Gogh_-_Portrait_of_Pere_Tanguy_1887-8.JPG;Musée Rodin;Tableau
Leonardo da Vinci;1452 - 1519;Renaissance;http://en.wikipedia.org/wiki/Leonardo_da_Vinci;La Belle Ferronnière;https://upload.wikimedia.org/wikipedia/commons/c/c3/Leonardo_da_Vinci_%28attrib%29-_la_Belle_Ferroniere.jpg;;Tableau
Andy Warhol;1928 – 1987;Pop Art;https://en.wikipedia.org/wiki/Andy_Warhol;The Souper Dress;https://upload.wikimedia.org/wikipedia/commons/b/bc/The_Souper_Dress%2C_American_paper_dress%2C_1967.jpg;Campbell's Soup Cans;Serigraphie
Henri Matisse;1869 - 1954;Impressionism;http://en.wikipedia.org/wiki/Henri_Matisse;Study of a Nude;https://upload.wikimedia.org/wikipedia/en/d/dd/Study_of_a_nude_by_Matisse.jpg;Bridgestone Museum of Art;Tableau
Pablo Picasso;1881 - 1973;Cubism;http://en.wikipedia.org/wiki/Pablo_Picasso;Figure dans un Fauteuil;https://upload.wikimedia.org/wikipedia/en/8/8f/Pablo_Picasso%2C_1909-10%2C_Figure_dans_un_Fauteuil_%28Seated_Nude%2C_Femme_nue_assise%29%2C_oil_on_canvas%2C_92.1_x_73_cm%2C_Tate_Modern%2C_London.jpg;Tate Modern;Tableau
Marc Chagall;1887 - 1985;Primitivism;http://en.wikipedia.org/wiki/Marc_Chagall;The Holy Coachman;https://upload.wikimedia.org/wikipedia/en/3/34/Marc_Chagall%2C_1911-12%2C_Le_saint_voiturier_%28The_Holy_Coachman%29%2C_oil_on_canvas%2C_148_x_117.5_cm%2C_private_collection.jpg;;Tableau
Peter Paul Rubens;1577 - 1640;Baroque;http://en.wikipedia.org/wiki/Peter_Paul_Rubens;Equestrian portrait of the Duke of Lerma;https://upload.wikimedia.org/wikipedia/commons/9/95/Retrato_ecuestre_del_duque_de_Lerma_%28Rubens%29.jpg;;Tableau
Peter Paul Rubens;1577 - 1640;Baroque;http://en.wikipedia.org/wiki/Peter_Paul_Rubens;The Judgement of Paris;https://upload.wikimedia.org/wikipedia/commons/2/21/Peter_Paul_Rubens_-_The_Judgement_of_Paris%2C_c.1606_%28Museo_del_Prado%29.jpg;;Tableau
Rembrandt;1606 - 1669;Baroque;http://en.wikipedia.org/wiki/Rembrandt;A young Rembrandt;https://upload.wikimedia.org/wikipedia/commons/7/7e/Self-portrait_%281628-1629%29%2C_by_Rembrandt.jpg;;Tableau
Pablo Picasso;1881 - 1973;Cubism;http://en.wikipedia.org/wiki/Pablo_Picasso;Woman with Mustard Pot (La Femme au pot de moutarde);https://upload.wikimedia.org/wikipedia/en/b/bb/Pablo_Picasso%2C_1910%2C_Woman_with_Mustard_Pot_%28La_Femme_au_pot_de_moutarde%29%2C_oil_on_canvas%2C_73_x_60_cm%2C_Gemeentemuseum%2C_The_Hague._Exhibited_at_the_Armory_Show%2C_New_York%2C_Chicago%2C_Boston_1913.jpg;;Tableau
Pablo Picasso;1881 - 1973;Cubism;http://en.wikipedia.org/wiki/Pablo_Picasso;Girl with a Mandolin (Fanny Tellier);https://upload.wikimedia.org/wikipedia/en/1/1c/Pablo_Picasso%2C_1910%2C_Girl_with_a_Mandolin_%28Fanny_Tellier%29%2C_oil_on_canvas%2C_100.3_x_73.6_cm%2C_Museum_of_Modern_Art_New_York..jpg;Museum of Modern Art;Tableau
Pablo Picasso;1881 - 1973;Cubism;http://en.wikipedia.org/wiki/Pablo_Picasso;Portrait of Daniel-Henry Kahnweiler;https://upload.wikimedia.org/wikipedia/en/6/68/Picasso_Portrait_of_Daniel-Henry_Kahnweiler_1910.jpg;The Art Institute of Chicago;Tableau
Pablo Picasso;1881 - 1973;Cubism;http://en.wikipedia.org/wiki/Pablo_Picasso;Woman playing guitar or mandolin;https://upload.wikimedia.org/wikipedia/en/c/ca/Pablo_Picasso%2C_1910-11%2C_Guitariste%2C_La_mandoliniste%2C_Woman_playing_guitar%2C_oil_on_canvas.jpg;;Tableau
Pablo Picasso;1881 - 1973;Cubism;http://en.wikipedia.org/wiki/Pablo_Picasso;"Le GuitaristeDu ""Cubisme""";https://upload.wikimedia.org/wikipedia/en/9/93/Pablo_Picasso%2C_c.1911%2C_Le_Guitariste.jpg;Albert Gleizes;Tableau
Pablo Picasso;1881 - 1973;Cubism;http://en.wikipedia.org/wiki/Pablo_Picasso;Still Life with a Bottle of Rum;https://upload.wikimedia.org/wikipedia/en/7/7f/Pablo_Picasso%2C_1911%2C_Still_Life_with_a_Bottle_of_Rum%2C_oil_on_canvas%2C_61.3_x_50.5_cm%2C_Metropolitan_Museum_of_Art%2C_New_York.jpg;Metropolitan Museum of Art;Tableau
Pablo Picasso;1881 - 1973;Cubism;http://en.wikipedia.org/wiki/Pablo_Picasso;The Poet (Le poète);https://upload.wikimedia.org/wikipedia/en/d/dc/Pablo_Picasso%2C_1911%2C_The_Poet_%28Le_po%C3%A8te%29%2C_C%C3%A9ret%2C_oil_on_linen%2C_131.2_%C3%97_89.5_cm%2C_The_Solomon_R._Guggenheim_Foundation%2C_Peggy_Guggenheim_Collection%2C_Venice.jpg;;Tableau
Pablo Picasso;1881 - 1973;Cubism;http://en.wikipedia.org/wiki/Pablo_Picasso;Violon (Violin);https://upload.wikimedia.org/wikipedia/en/3/3c/Pablo_Picasso%2C_1911-12%2C_Violon_%28Violin%29%2C_oil_on_canvas%2C_Kr%C3%B6ller-M%C3%BCller_Museum%2C_Otterlo%2C_Netherlands.jpg;Wilhelm Uhde;Tableau
Amedeo Modigliani;1884 - 1920;Expressionism;http://en.wikipedia.org/wiki/Amedeo_Modigliani;Portrait of Maude Abrantes;https://upload.wikimedia.org/wikipedia/commons/5/56/Amedeo_Modigliani%2C_1907%2C_Portrait_of_Maude_Abrantes%2C_oil_on_canvas%2C_81_x_54_cm%2C_Reuben_and_Edith_Hecht_Museum%2C_Haifa.jpg;Hecht Museum;Tableau
Amedeo Modigliani;1884 - 1920;Expressionism;http://en.wikipedia.org/wiki/Amedeo_Modigliani;Novo Pilota;https://upload.wikimedia.org/wikipedia/commons/4/46/Amedeo_Modigliani_-_Paul_Guillaume%2C_Novo_Pilota_-_Google_Art_Project.jpg;Paul Guillaume;Tableau
Amedeo Modigliani;1884 - 1920;Expressionism;http://en.wikipedia.org/wiki/Amedeo_Modigliani;Bride and Groom;https://upload.wikimedia.org/wikipedia/commons/0/08/Bride_and_Groom.jpg;;Tableau
Amedeo Modigliani;1884 - 1920;Expressionism;http://en.wikipedia.org/wiki/Amedeo_Modigliani;Jacques and Berthe Lipchitz;https://upload.wikimedia.org/wikipedia/commons/c/cf/Amedeo_Modigliani_-_Jacques_and_Berthe_Lipchitz_-_Google_Art_Project.jpg;;Tableau
Paul Klee;1879 – 1940;Expressionism;https://en.wikipedia.org/wiki/Paul_Klee;Dame mit Sonnenschirm;https://upload.wikimedia.org/wikipedia/commons/b/bd/Paul-Klee-Dame-mit-Sonnenschirm.jpg;Zentrum Paul Klee;Tableau
Paul Klee;1879 – 1940;Expressionism;https://en.wikipedia.org/wiki/Paul_Klee;Hilterfingen;https://upload.wikimedia.org/wikipedia/commons/e/e9/GUGG_Hilterfingen.jpg;Solomon R. Guggenheim Museum;Tableau
Paul Klee;1879 – 1940;Expressionism;https://en.wikipedia.org/wiki/Paul_Klee;Jungfrau im Baum;https://upload.wikimedia.org/wikipedia/commons/e/ec/Paul_Klee%2C_Inventionen_Nr._3%2C_Jungfrau_im_Baum_%281903%29.jpg;Museum of Modern Art;Tableau
Claude Monet;1840 - 1926;Impressionism;http://en.wikipedia.org/wiki/Claude_Monet;View at Rouelles Le Havre;https://upload.wikimedia.org/wikipedia/commons/4/44/Monet%2C_Claude_-_View_At_Rouelles%2C_Le_Havre_%281858%29.jpg;Courbet;Tableau
Claude Monet;1840 - 1926;Impressionism;http://en.wikipedia.org/wiki/Claude_Monet;Mouth of the Seine at Honfleur;https://upload.wikimedia.org/wikipedia/commons/4/42/Claude_Monet_-_Mouth_of_the_Seine.jpg;Norton Simon Foundation;Tableau
Claude Monet;1840 - 1926;Impressionism;http://en.wikipedia.org/wiki/Claude_Monet;On the Bank of the Seine Bennecourt;https://upload.wikimedia.org/wikipedia/commons/f/f8/Claude_Monet_-_On_the_Bank_of_the_Seine%2C_Bennecourt_-_1922.427_-_Art_Institute_of_Chicago.jpg;Art Institute of Chicago;Tableau
Claude Monet;1840 - 1926;Impressionism;http://en.wikipedia.org/wiki/Claude_Monet;The MagpieSnow at Argenteuil;https://upload.wikimedia.org/wikipedia/commons/7/78/Claude_Monet_-_The_Magpie_-_Google_Art_Project.jpg;;Tableau
Henri Matisse;1869 - 1954;Impressionism;http://en.wikipedia.org/wiki/Henri_Matisse;Gustave Moreau's Studio;https://upload.wikimedia.org/wikipedia/en/b/b0/Matisse_the_study_of_moreau.jpg;;Tableau
Henri Matisse;1869 - 1954;Impressionism;http://en.wikipedia.org/wiki/Henri_Matisse;Blue Pot and Lemon;https://upload.wikimedia.org/wikipedia/en/8/8d/Matisse_-_Blue_Pot_and_Lemon_%281897%29.jpg;Hermitage Museum;Tableau
Henri Matisse;1869 - 1954;Impressionism;http://en.wikipedia.org/wiki/Henri_Matisse;Le Mur Rose;https://upload.wikimedia.org/wikipedia/en/f/f8/Matisse_Mur_Rose.jpg;Jewish Museum Frankfurt;Tableau
Henri Matisse;1869 - 1954;Impressionism;http://en.wikipedia.org/wiki/Henri_Matisse;Fruit and Coffeepot;https://upload.wikimedia.org/wikipedia/en/2/22/Matisse_-_Fruit_and_Coffeepot_%281898%29.jpg;Hermitage Museum;Tableau
Henri Matisse;1869 - 1954;Impressionism;http://en.wikipedia.org/wiki/Henri_Matisse;Vase of Sunflowers;https://upload.wikimedia.org/wikipedia/en/2/2f/Matisse_-_Vase_of_Sunflowers_%281898%29.jpg;Hermitage Museum;Tableau
Henri Matisse;1869 - 1954;Impressionism;http://en.wikipedia.org/wiki/Henri_Matisse;Still Life with Compote Apples and Oranges;https://upload.wikimedia.org/wikipedia/en/5/50/Henri_Matisse%2C_1899%2C_Still_Life_with_Compote%2C_Apples_and_Oranges%2C_oil_on_canvas%2C_46.4_x_55.6_cm%2C_The_Cone_Collection%2C_Baltimore_Museum_of_Art.jpg;The Cone Collection;Tableau
Henri Matisse;1869 - 1954;Impressionism;http://en.wikipedia.org/wiki/Henri_Matisse;Crockery on a Table;https://upload.wikimedia.org/wikipedia/en/b/b1/Matisse_-_Crockery_on_a_Table_%281900%29.jpg;Hermitage Museum;Tableau
Henri Matisse;1869 - 1954;Impressionism;http://en.wikipedia.org/wiki/Henri_Matisse;Luxembourg Gardens;https://upload.wikimedia.org/wikipedia/en/b/bf/Matisse_-_Luxembourg_Gardens_%281901%29.jpg;Hermitage Museum;Tableau
Henri Matisse;1869 - 1954;Impressionism;http://en.wikipedia.org/wiki/Henri_Matisse;Dishes and Fruit;https://upload.wikimedia.org/wikipedia/en/4/47/Matisse_-_Dishes_and_Fruit_%281901%29.jpg;Hermitage Museum;Tableau
Camille Pissarro;1830 - 1903;Impressionism;https://en.wikipedia.org/wiki/Camille_Pissarro;Boulevard Montmartre: Mardi Gras;https://upload.wikimedia.org/wikipedia/commons/4/40/Boulevard_Montmartre-_Mardi_Gras_%28frameless%29.jpg;Hammer Museum;Tableau
Camille Pissarro;1830 - 1903;Impressionism;https://en.wikipedia.org/wiki/Camille_Pissarro;Boulevard Montmartre morning cloudy weather;https://upload.wikimedia.org/wikipedia/commons/7/79/Camille_Pissarro_-_Boulevard_Montmartre%2C_morning%2C_cloudy_weather_-_Google_Art_Project.jpg;National Gallery of Victoria;Tableau
Camille Pissarro;1830 - 1903;Impressionism;https://en.wikipedia.org/wiki/Camille_Pissarro;The Boulevard Montmartre on a Winter Morning;https://upload.wikimedia.org/wikipedia/commons/1/1f/The_Boulevard_Montmartre_on_a_Winter_Morning.JPG;Metropolitan Museum of Art;Tableau
Camille Pissarro;1830 - 1903;Impressionism;https://en.wikipedia.org/wiki/Camille_Pissarro;The Boulevard Montmartre at Night;https://upload.wikimedia.org/wikipedia/commons/1/14/Camille_Pissarro_-_Boulevard_Montmartre_at_Night_-_c_1897_-_National_Gallery_UK.jpg;National Gallery;Tableau
Camille Pissarro;1830 - 1903;Impressionism;https://en.wikipedia.org/wiki/Camille_Pissarro;A Plaza in Caracas;https://upload.wikimedia.org/wikipedia/commons/1/1a/Camille_Pissarro_-_A_Plaza_in_Caracas.jpg;Colección Patricia Phelps de Cisneros;Tableau
Camille Pissarro;1830 - 1903;Impressionism;https://en.wikipedia.org/wiki/Camille_Pissarro;Allée dans une forêt;https://upload.wikimedia.org/wikipedia/commons/b/b6/Camille_Pissarro_-_All%C3%A9e_dans_une_f%C3%B4ret_%28sur_1859%29.jpg;;Tableau
Andy Warhol;1928 – 1987;Pop Art;https://en.wikipedia.org/wiki/Andy_Warhol;I. Miller Shoes;https://upload.wikimedia.org/wikipedia/commons/6/6c/New_York_Times_Advertisement_-_April_17th%2C_1955_for_I._Miller_Shoes%2C_Illustration_Andy_Warhol.jpg;;Serigraphie
Andy Warhol;1928 – 1987;Pop Art;https://en.wikipedia.org/wiki/Andy_Warhol;Exploding Plastic Inevitable' (show) - the Velvet Underground & Nico;https://upload.wikimedia.org/wikipedia/commons/3/31/Exploding_Plastic_Inevitable.png;;Serigraphie
Andy Warhol;1928 – 1987;Pop Art;https://en.wikipedia.org/wiki/Andy_Warhol;Portrait of Mao Zedong;https://upload.wikimedia.org/wikipedia/commons/3/36/Salle_Andy_Warhol_%28Hamburger_Bahnhof%2C_Berlin%29_%286343757828%29.jpg;;Serigraphie
Andy Warhol;1928 – 1987;Pop Art;https://en.wikipedia.org/wiki/Andy_Warhol;BMW Group - 4 M1;https://upload.wikimedia.org/wikipedia/commons/5/56/Warhol7.JPG;;Serigraphie
Vincent van Gogh;1853 – 1890;Post-Impressionism;http://en.wikipedia.org/wiki/Vincent_van_Gogh;Worn Out;https://upload.wikimedia.org/wikipedia/commons/a/aa/Vincent_van_Gogh_-_Worn_Out_%28F997%29.jpg;;Tableau
Vincent van Gogh;1853 – 1890;Post-Impressionism;http://en.wikipedia.org/wiki/Vincent_van_Gogh;Still Life with Open Bible;https://upload.wikimedia.org/wikipedia/commons/c/c3/Stilleven_met_bijbel_-_s0008V1962_-_Van_Gogh_Museum.jpg;;Tableau
Vincent van Gogh;1853 – 1890;Post-Impressionism;http://en.wikipedia.org/wiki/Vincent_van_Gogh;Skull of a Skeleton with Burning Cigarette;https://upload.wikimedia.org/wikipedia/commons/8/87/Vincent_van_Gogh_-_Head_of_a_skeleton_with_a_burning_cigarette_-_Google_Art_Project.jpg;;Tableau
Vincent van Gogh;1853 – 1890;Post-Impressionism;http://en.wikipedia.org/wiki/Vincent_van_Gogh;Peasant Woman DiggingWoman with a Spade;https://upload.wikimedia.org/wikipedia/commons/6/6e/Vincent_van_Gogh_-_Peasant_woman_digging.jpg;Art Gallery of Ontario;Tableau
Vincent van Gogh;1853 – 1890;Post-Impressionism;http://en.wikipedia.org/wiki/Vincent_van_Gogh;Le Moulin de Blute-FinLe Moulin de la GaletteMontmartre;https://upload.wikimedia.org/wikipedia/commons/0/05/Vincent_van_Gogh_-_Windmills_on_Montmartre_-_Google_Art_Project.jpg;Bridgestone Museum of Art;Tableau
Vincent van Gogh;1853 – 1890;Post-Impressionism;http://en.wikipedia.org/wiki/Vincent_van_Gogh;Courtesan;https://upload.wikimedia.org/wikipedia/commons/a/af/Van_Gogh_-_la_courtisane.jpg;Eisen;Tableau
Vincent van Gogh;1853 – 1890;Post-Impressionism;http://en.wikipedia.org/wiki/Vincent_van_Gogh;The Sower with Setting Sun;https://upload.wikimedia.org/wikipedia/commons/4/4d/De_zaaier_-_s0029V1962_-_Van_Gogh_Museum.jpg;;Tableau
Vincent van Gogh;1853 – 1890;Post-Impressionism;http://en.wikipedia.org/wiki/Vincent_van_Gogh;Fishing Boats on the Beach at Saintes-Maries;https://upload.wikimedia.org/wikipedia/commons/b/bb/Vissersboten_op_het_strand_van_Les_Saintes-Maries-de-la-Mer_-_s0028V1962_-_Van_Gogh_Museum.jpg;;Tableau
Vincent van Gogh;1853 – 1890;Post-Impressionism;http://en.wikipedia.org/wiki/Vincent_van_Gogh;Bedroom in Arles;https://upload.wikimedia.org/wikipedia/commons/7/76/Vincent_van_Gogh_-_De_slaapkamer_-_Google_Art_Project.jpg;;Tableau
Paul Cezanne;1839 – 1906;Post-Impressionism;https://en.wikipedia.org/wiki/Paul_Cezanne;The Black Marble Clock;https://upload.wikimedia.org/wikipedia/commons/1/1e/La_Pendule_noire%2C_par_Paul_C%C3%A9zanne.jpg;;Tableau
Paul Cezanne;1839 – 1906;Post-Impressionism;https://en.wikipedia.org/wiki/Paul_Cezanne;The Hanged Man's House;https://upload.wikimedia.org/wikipedia/commons/9/9d/Paul_C%C3%A9zanne_-_La_Maison_du_pendu.jpg;;Tableau
Paul Cezanne;1839 – 1906;Post-Impressionism;https://en.wikipedia.org/wiki/Paul_Cezanne;A Modern Olympia;https://upload.wikimedia.org/wikipedia/commons/a/a3/Paul_Cezanne%2C_A_Modern_Olympia%2C_c._1873-1874.jpg;Musée d'Orsay;Tableau
Paul Cezanne;1839 – 1906;Post-Impressionism;https://en.wikipedia.org/wiki/Paul_Cezanne;Bend in the Road Through the Forest;https://upload.wikimedia.org/wikipedia/commons/d/de/La_Route_tournante_en_sous-bois%2C_par_Paul_C%C3%A9zanne.jpg;Solomon R. Guggenheim Museum;Tableau
Paul Cezanne;1839 – 1906;Post-Impressionism;https://en.wikipedia.org/wiki/Paul_Cezanne;Mont Sainte-Victoire;https://upload.wikimedia.org/wikipedia/commons/7/7d/Paul_C%C3%A9zanne_-_Mont_Sainte-Victoire_and_the_Viaduct_of_the_Arc_River_Valley_%28Metropolitan_Museum_of_Art%29.jpg;Metropolitan Museum of Art;Tableau
Paul Cezanne;1839 – 1906;Post-Impressionism;https://en.wikipedia.org/wiki/Paul_Cezanne;L'Estaque;https://upload.wikimedia.org/wikipedia/commons/1/1d/L%27Estaque_aux_toits_rouges%2C_par_Paul_C%C3%A9zanne.jpg;;Tableau
Paul Cezanne;1839 – 1906;Post-Impressionism;https://en.wikipedia.org/wiki/Paul_Cezanne;Houses in Provence: The Riaux Valley near L'Estaque;https://upload.wikimedia.org/wikipedia/commons/3/30/Paul_C%C3%A9zanne_-_Houses_in_Provence-_The_Riaux_Valley_near_L%27Estaque_-_Google_Art_Project.jpg;;Tableau
Paul Cezanne;1839 – 1906;Post-Impressionism;https://en.wikipedia.org/wiki/Paul_Cezanne;The Bay of Marseilles view from L'Estaque;https://upload.wikimedia.org/wikipedia/commons/2/2f/Paul_C%C3%A9zanne_-_The_Bay_of_Marseilles%2C_Seen_from_L%27Estaque_-_Google_Art_Project.jpg;;Tableau
Paul Cezanne;1839 – 1906;Post-Impressionism;https://en.wikipedia.org/wiki/Paul_Cezanne;Jas de Bouffan;https://upload.wikimedia.org/wikipedia/commons/c/c0/Paul_C%C3%A9zanne_-_Chestnut_Trees_at_Jas_de_Bouffan_-_Google_Art_Project.jpg;Minneapolis Institute of Art;Tableau
Paul Cezanne;1839 – 1906;Post-Impressionism;https://en.wikipedia.org/wiki/Paul_Cezanne;Bather;https://upload.wikimedia.org/wikipedia/commons/e/e3/Paul_C%C3%A9zanne_-_Le_Grand_Baigneur_-_Google_Art_Project.jpg;Museum of Modern Art;Tableau
Georges Seurat;1859 – 1891;Post-Impressionism;https://en.wikipedia.org/wiki/Georges_Seurat;Landscape at Saint-Ouen;https://upload.wikimedia.org/wikipedia/commons/3/38/Georges_Seurat_-_Landscape_at_Saint-Ouen_PC_7.jpg;Metropolitan Museum of Art;Tableau
Georges Seurat;1859 – 1891;Post-Impressionism;https://en.wikipedia.org/wiki/Georges_Seurat;Flowers in a vase;https://upload.wikimedia.org/wikipedia/commons/6/68/Georges_Seurat%2C_c.1879-81%2C_Vase_of_Flowers%2C_oil_on_canvas%2C_46.3_x_38.5_cm%2C_Fogg_Museum.jpg;Fogg Museum;Tableau
Georges Seurat;1859 – 1891;Post-Impressionism;https://en.wikipedia.org/wiki/Georges_Seurat;Overgrown slope;https://upload.wikimedia.org/wikipedia/commons/9/9e/Georges_Seurat_010.jpg;Dallas Museum of Art;Tableau
Georges Seurat;1859 – 1891;Post-Impressionism;https://en.wikipedia.org/wiki/Georges_Seurat;The Suburbs;https://upload.wikimedia.org/wikipedia/commons/5/53/Georges_Seurat_007.jpg;Musée d'art moderne de Troyes;Tableau
Georges Seurat;1859 – 1891;Post-Impressionism;https://en.wikipedia.org/wiki/Georges_Seurat;Fishing in The Seine;https://upload.wikimedia.org/wikipedia/commons/1/11/Seurat_Pescatori.jpg;;Tableau
Georges Seurat;1859 – 1891;Post-Impressionism;https://en.wikipedia.org/wiki/Georges_Seurat;The Laborers;https://upload.wikimedia.org/wikipedia/commons/3/39/Georges_Seurat_048.jpg;National Gallery of Art;Tableau
Georges Seurat;1859 – 1891;Post-Impressionism;https://en.wikipedia.org/wiki/Georges_Seurat;Study for A Sunday Afternoon on the Island of La Grande Jatte;https://upload.wikimedia.org/wikipedia/commons/1/18/Georges_Seurat_034.jpg;Metropolitan Museum of Art;Tableau
Georges Seurat;1859 – 1891;Post-Impressionism;https://en.wikipedia.org/wiki/Georges_Seurat;View of Fort Samson;https://upload.wikimedia.org/wikipedia/commons/5/5d/Georges_Seurat_-_View_of_Fort_Samson.jpg;Hermitage Museum;Tableau
Georges Seurat;1859 – 1891;Post-Impressionism;https://en.wikipedia.org/wiki/Georges_Seurat;ModelsLes Poseuses;https://upload.wikimedia.org/wikipedia/commons/1/19/Georges_Seurat_-_Les_Poseuses.jpg;Barnes Foundation;Tableau
Marc Chagall;1887 - 1985;Primitivism;http://en.wikipedia.org/wiki/Marc_Chagall;I and the Village;https://upload.wikimedia.org/wikipedia/en/d/d1/Marc_Chagall%2C_1911%2C_I_and_the_Village%2C_oil_on_canvas%2C_192.1_x_151.4_cm%2C_Museum_of_Modern_Art%2C_New_York.jpg;Museum of Modern Art;Tableau
Marc Chagall;1887 - 1985;Primitivism;http://en.wikipedia.org/wiki/Marc_Chagall;The Holy Coachman;https://upload.wikimedia.org/wikipedia/en/3/34/Marc_Chagall%2C_1911-12%2C_Le_saint_voiturier_%28The_Holy_Coachman%29%2C_oil_on_canvas%2C_148_x_117.5_cm%2C_private_collection.jpg;;Tableau
Marc Chagall;1887 - 1985;Primitivism;http://en.wikipedia.org/wiki/Marc_Chagall;The gates of the cemetery;https://upload.wikimedia.org/wikipedia/commons/2/23/%22The_Cemetery_Gates%22%2C_Marc_Chagall_%281917%29_Mus%C3%A9e_d%27art_et_d%27histoire_du_Juda%C3%AFsme.jpg;;Tableau
Henri Rousseau;1844 – 1910;Primitivism;https://en.wikipedia.org/wiki/Henri_Rousseau;A Carnival Evening;https://upload.wikimedia.org/wikipedia/commons/2/2b/Henri_Rousseau_-_A_Carnival_Evening.jpg;Philadelphia Museum of Art;Tableau
Henri Rousseau;1844 – 1910;Primitivism;https://en.wikipedia.org/wiki/Henri_Rousseau;Self Portrait;https://upload.wikimedia.org/wikipedia/commons/4/40/Henri_Rousseau_-_Myself-_Portrait_%E2%80%93_Landscape_-_Google_Art_Project.jpg;;Tableau
Henri Rousseau;1844 – 1910;Primitivism;https://en.wikipedia.org/wiki/Henri_Rousseau;Le Moulin (The Mill);https://upload.wikimedia.org/wikipedia/commons/b/be/Henri_Rousseau_-_Le_Moulin.jpg;Musée Maillol;Tableau
Henri Rousseau;1844 – 1910;Primitivism;https://en.wikipedia.org/wiki/Henri_Rousseau;Boy on the Rocks;https://upload.wikimedia.org/wikipedia/commons/9/9c/Boy_on_the_Rocks_-_1895-7_-_Henri_Rousseau.jpg;National Gallery of Art;Tableau
Henri Rousseau;1844 – 1910;Primitivism;https://en.wikipedia.org/wiki/Henri_Rousseau;The Sleeping Gypsy;https://upload.wikimedia.org/wikipedia/commons/0/06/La_Boh%C3%A9mienne_endormie.jpg;MoMA;Tableau
Henri Rousseau;1844 – 1910;Primitivism;https://en.wikipedia.org/wiki/Henri_Rousseau;La tour Eiffel peinte par Henri Rousseau;https://upload.wikimedia.org/wikipedia/commons/e/e8/Douanier_Rousseau_tour_Eiffel.jpg;Houston Museum of Fine Arts;Tableau
Henri Rousseau;1844 – 1910;Primitivism;https://en.wikipedia.org/wiki/Henri_Rousseau;Self-portrait of the Artist with a Lamp;https://upload.wikimedia.org/wikipedia/commons/f/fc/Henri_Rousseau_-_Self-portrait_of_the_Artist_with_a_Lamp.jpg;;Tableau
Henri Rousseau;1844 – 1910;Primitivism;https://en.wikipedia.org/wiki/Henri_Rousseau;The Flamingoes;https://upload.wikimedia.org/wikipedia/commons/b/b9/Henri_Rousseau_-_The_Flamingoes.jpg;;Tableau
Henri Rousseau;1844 – 1910;Primitivism;https://en.wikipedia.org/wiki/Henri_Rousseau;The Snake Charmer;https://upload.wikimedia.org/wikipedia/commons/3/38/HENRI_ROUSSEAU_-_La_Encantadora_de_Serpientes_%28Museo_de_Orsay%2C_Par%C3%ADs%2C_1907._%C3%93leo_sobre_lienzo%2C_169_x_189.5_cm%29.jpg;The Snake Charmer;Tableau
Gustave Courbet;1819 - 1877;Realism;https://en.wikipedia.org/wiki/Gustave_Courbet;Femme nue couchée;https://upload.wikimedia.org/wikipedia/commons/1/1a/Gustave_Courbet%2C_Femme_nue_couch%C3%A9e%2C_1862.jpg;;Tableau
Gustave Courbet;1819 - 1877;Realism;https://en.wikipedia.org/wiki/Gustave_Courbet;Portrait of Jo (La belle Irlandaise)Sleep;https://upload.wikimedia.org/wikipedia/commons/0/0b/Gustave_Courbet_-_Jo%2C_the_Beautiful_Irish_Girl_-_Google_Art_Project.jpg;Metropolitan Museum of Art;Tableau
Gustave Courbet;1819 - 1877;Realism;https://en.wikipedia.org/wiki/Gustave_Courbet;Le Sommeil (Sleep);https://upload.wikimedia.org/wikipedia/commons/e/e9/The_Sleepers_by_Gustave_Courbet.jpg;;Tableau
Gustave Courbet;1819 - 1877;Realism;https://en.wikipedia.org/wiki/Gustave_Courbet;Young Bather;https://upload.wikimedia.org/wikipedia/commons/6/62/Gustave_Courbet_-_Young_Bather.jpg;;Tableau
Gustave Courbet;1819 - 1877;Realism;https://en.wikipedia.org/wiki/Gustave_Courbet;The Origin of the WorldL'Origine du monde;https://upload.wikimedia.org/wikipedia/commons/3/3f/Origin-of-the-World.jpg;Musée d'Orsay;Tableau
Gustave Courbet;1819 - 1877;Realism;https://en.wikipedia.org/wiki/Gustave_Courbet;Self-Portrait with a Black Dog;https://upload.wikimedia.org/wikipedia/commons/1/1a/Selbstbildnis_mit_schwarzem_Hund.jpg;;Tableau
Gustave Courbet;1819 - 1877;Realism;https://en.wikipedia.org/wiki/Gustave_Courbet;Self-portrait;https://upload.wikimedia.org/wikipedia/commons/a/ac/Selfportrait_%28Rembrandt_Harmensz._van_Rijn%29_-_Nationalmuseum_-_22374.tif;;Tableau
Gustave Courbet;1819 - 1877;Realism;https://en.wikipedia.org/wiki/Gustave_Courbet;Self-portrait (The Desperate Man);https://upload.wikimedia.org/wikipedia/commons/8/8f/Gustave_Courbet_-_Le_D%C3%A9sesp%C3%A9r%C3%A9_%281843%29.jpg;;Tableau
Gustave Courbet;1819 - 1877;Realism;https://en.wikipedia.org/wiki/Gustave_Courbet;The Cellist Self-portrait;https://upload.wikimedia.org/wikipedia/commons/0/09/The_Cellist%2C_Self-Portrait_1847_Gustave_Courbet.jpg;Nationalmuseum;Tableau
Gustave Courbet;1819 - 1877;Realism;https://en.wikipedia.org/wiki/Gustave_Courbet;Artist at His Easel;https://upload.wikimedia.org/wikipedia/commons/e/e3/Gustave_Courbet_-_Artist_at_His_Easel_-_WGA05523.jpg;;Tableau
Leonardo da Vinci;1452 - 1519;Renaissance;http://en.wikipedia.org/wiki/Leonardo_da_Vinci;Madonna of the Carnation;https://upload.wikimedia.org/wikipedia/commons/7/70/Leonardo_da_Vinci_Madonna_of_the_Carnation.jpg;Alte Pinakothek;Tableau
Leonardo da Vinci;1452 - 1519;Renaissance;http://en.wikipedia.org/wiki/Leonardo_da_Vinci;Landscape of the Arno Valley;https://upload.wikimedia.org/wikipedia/commons/b/b6/Paisagem_do_Arno_-_Leonardo_da_Vinci.jpg;;Tableau
Leonardo da Vinci;1452 - 1519;Renaissance;http://en.wikipedia.org/wiki/Leonardo_da_Vinci;Ginevra de' Benci;https://upload.wikimedia.org/wikipedia/commons/3/39/Leonardo_da_Vinci_-_Ginevra_de%27_Benci_-_Google_Art_Project.jpg;National Gallery of Art;Tableau
Leonardo da Vinci;1452 - 1519;Renaissance;http://en.wikipedia.org/wiki/Leonardo_da_Vinci;Benois Madonna;https://upload.wikimedia.org/wikipedia/commons/c/c7/Madonna_benois_01.jpg;Hermitage;Tableau
Leonardo da Vinci;1452 - 1519;Renaissance;http://en.wikipedia.org/wiki/Leonardo_da_Vinci;Head of a Woman;https://upload.wikimedia.org/wikipedia/commons/b/b5/Leonardo_da_vinci%2C_Head_of_a_girl_01.jpg;Royal Library of Turin;Tableau
Leonardo da Vinci;1452 - 1519;Renaissance;http://en.wikipedia.org/wiki/Leonardo_da_Vinci;Portrait of a Musician;https://upload.wikimedia.org/wikipedia/commons/6/6a/Leonardo_da_Vinci_-_Portrait_of_a_Musician_-_Pinacoteca_Ambrosiana.jpg;Pinacoteca Ambrosiana;Tableau
Leonardo da Vinci;1452 - 1519;Renaissance;http://en.wikipedia.org/wiki/Leonardo_da_Vinci;Vitruvian Man;https://upload.wikimedia.org/wikipedia/commons/2/26/Da_Vinci_Vitruve_Luc_Viatour_%28cropped%29.jpg;Accademia;Tableau
Michelangelo;1475 – 1564;Renaissance;https://en.wikipedia.org/wiki/Michelangelo;Madonna of the Steps;https://upload.wikimedia.org/wikipedia/commons/b/b2/Buonarotti-scala.jpg;;Tableau
Michelangelo;1475 – 1564;Renaissance;https://en.wikipedia.org/wiki/Michelangelo;Taddei Tondo;https://upload.wikimedia.org/wikipedia/commons/2/22/Taddei_Tondo.JPG;;Tableau
Michelangelo;1475 – 1564;Renaissance;https://en.wikipedia.org/wiki/Michelangelo;Doni Tondo;https://upload.wikimedia.org/wikipedia/commons/e/e1/Tondo_Doni%2C_por_Miguel_%C3%81ngel.jpg;;Tableau
Michelangelo;1475 – 1564;Renaissance;https://en.wikipedia.org/wiki/Michelangelo;Bacchus;https://upload.wikimedia.org/wikipedia/commons/2/2d/Michelangelo_Bacchus.jpg;;Tableau
Michelangelo;1475 – 1564;Renaissance;https://en.wikipedia.org/wiki/Michelangelo;Dying Slave;https://upload.wikimedia.org/wikipedia/commons/8/86/%27Dying_Slave%27_Michelangelo_JBU001.jpg;Louvre;Tableau
Michelangelo;1475 – 1564;Renaissance;https://en.wikipedia.org/wiki/Michelangelo;Atlas Slave;https://upload.wikimedia.org/wikipedia/commons/9/97/Michelangelo_-_Atlas.jpg;;Tableau
Michelangelo;1475 – 1564;Renaissance;https://en.wikipedia.org/wiki/Michelangelo;The Drunkenness of Noah;https://upload.wikimedia.org/wikipedia/commons/0/07/Ivresse_de_noe.jpg;;Tableau
Michelangelo;1475 – 1564;Renaissance;https://en.wikipedia.org/wiki/Michelangelo;The Deluge;https://upload.wikimedia.org/wikipedia/commons/d/d6/Michelangelo%2C_Deluge_02.jpg;;Tableau
Pieter Bruegel;1525 - 1569;Renaissance;http://en.wikipedia.org/wiki/Pieter_Bruegel_the_Elder;The Land of Cockaigne;https://upload.wikimedia.org/wikipedia/commons/a/a5/Pieter_Bruegel_d._%C3%84._037.jpg;Alte Pinakothek;Tableau
Pieter Bruegel;1525 - 1569;Renaissance;http://en.wikipedia.org/wiki/Pieter_Bruegel_the_Elder;The Peasant and the Nest Robber;https://upload.wikimedia.org/wikipedia/commons/9/9f/The_Peasant_and_the_Birdnester_Pieter_Bruegel_the_Elder_1568.jpeg;Kunsthistorisches Museum;Tableau
Pieter Bruegel;1525 - 1569;Renaissance;http://en.wikipedia.org/wiki/Pieter_Bruegel_the_Elder;The Peasant Dance;https://upload.wikimedia.org/wikipedia/commons/a/aa/Pieter_Bruegel_The_Peasant_Dance.jpg;Kunsthistorisches Museum;Tableau
Pieter Bruegel;1525 - 1569;Renaissance;http://en.wikipedia.org/wiki/Pieter_Bruegel_the_Elder;The Beggars (The Cripples);https://upload.wikimedia.org/wikipedia/commons/a/ae/Pieter_Bruegel_the_Elder_-_The_Cripples.JPG;Louvre;Tableau
Pieter Bruegel;1525 - 1569;Renaissance;http://en.wikipedia.org/wiki/Pieter_Bruegel_the_Elder;A Pig Has to Go in a Sty;https://upload.wikimedia.org/wikipedia/commons/3/37/Pieter_Bruegel_the_Elder_-_1557_-_A_Pig_Has_To_Go_in_a_Sty.jpg;;Tableau
Pieter Bruegel;1525 - 1569;Renaissance;http://en.wikipedia.org/wiki/Pieter_Bruegel_the_Elder;The Fall of the Rebel Angels;https://upload.wikimedia.org/wikipedia/commons/e/ec/Pieter_Bruegel_the_Elder_-_The_Fall_of_the_Rebel_Angels.JPG;Royal Museums of Fine Arts of Belgium;Tableau
Pieter Bruegel;1525 - 1569;Renaissance;http://en.wikipedia.org/wiki/Pieter_Bruegel_the_Elder;Dulle Griet;https://upload.wikimedia.org/wikipedia/commons/a/a8/Dulle_Griet%2C_by_Pieter_Brueghel_%28I%29.jpg;Museum Mayer van den Bergh Antwerp;Tableau
Pieter Bruegel;1525 - 1569;Renaissance;http://en.wikipedia.org/wiki/Pieter_Bruegel_the_Elder;The Wedding Dance;https://upload.wikimedia.org/wikipedia/commons/4/40/Pieter_Bruegel_the_Elder_-_Wedding_Dance_in_the_Open_Air_-_WGA03505.jpg;The Detroit Institute of Arts;Tableau
Pieter Bruegel;1525 - 1569;Renaissance;http://en.wikipedia.org/wiki/Pieter_Bruegel_the_Elder;The Census at Bethlehem;https://upload.wikimedia.org/wikipedia/commons/f/f3/Brueghel7.jpg;Royal Museums of Fine Arts of Belgium;Tableau
William Turner;1775 - 1851;Romanticism;https://en.wikipedia.org/wiki/J._M._W._Turner;Calais Pier;https://upload.wikimedia.org/wikipedia/commons/e/e2/Joseph_Mallord_William_Turner_024.jpg;National Gallery;Tableau
William Turner;1775 - 1851;Romanticism;https://en.wikipedia.org/wiki/J._M._W._Turner;Dutch Boats in a Gale;https://upload.wikimedia.org/wikipedia/commons/8/81/Joseph_Mallord_William_Turner_-_Dutch_Boats_in_a_Gale_-_WGA23163.jpg;Willem van de Velde the Younger;Tableau
William Turner;1775 - 1851;Romanticism;https://en.wikipedia.org/wiki/J._M._W._Turner;Snow Storm: Hannibal and his Army Crossing the Alps;https://upload.wikimedia.org/wikipedia/commons/f/f4/Joseph_Mallord_William_Turner_081.jpg;Tate Britain;Tableau
William Turner;1775 - 1851;Romanticism;https://en.wikipedia.org/wiki/J._M._W._Turner;Dort or Dordrecht: The Dort packet-boat from Rotterdam becalmed;https://upload.wikimedia.org/wikipedia/commons/0/08/DortorDordrecht.jpg;Yale Center for British Art;Tableau
William Turner;1775 - 1851;Romanticism;https://en.wikipedia.org/wiki/J._M._W._Turner;The Burning of the Houses of Lords and Commons;https://upload.wikimedia.org/wikipedia/commons/c/c3/Joseph_Mallord_William_Turner%2C_English_-_The_Burning_of_the_Houses_of_Lords_and_Commons%2C_October_16%2C_1834_-_Google_Art_Project.jpg;Philadelphia Museum of Art;Tableau
William Turner;1775 - 1851;Romanticism;https://en.wikipedia.org/wiki/J._M._W._Turner;Wreckers Coast of Northumberland;https://upload.wikimedia.org/wikipedia/commons/2/2a/Wreckers_Coast_of_Northumberland_Joseph_Mallord_William_Turner.jpeg;;Tableau
William Turner;1775 - 1851;Romanticism;https://en.wikipedia.org/wiki/J._M._W._Turner;Valley of Aosta: Snowstorm Avalanche and Thunderstorm;https://upload.wikimedia.org/wikipedia/commons/e/e1/Chicago_art_inst_turner_vallee_aoste.JPG;Art Institute of Chicago;Tableau
William Turner;1775 - 1851;Romanticism;https://en.wikipedia.org/wiki/J._M._W._Turner;The Fighting Temeraire tugged to her last berth to be broken up;https://upload.wikimedia.org/wikipedia/commons/3/30/The_Fighting_Temeraire%2C_JMW_Turner%2C_National_Gallery.jpg;;Tableau
William Turner;1775 - 1851;Romanticism;https://en.wikipedia.org/wiki/J._M._W._Turner;The Slave Ship;https://upload.wikimedia.org/wikipedia/commons/2/26/Slave-ship.jpg;Museum of Fine Arts Boston;Tableau
Eugene Delacroix;1798 – 1863;Romanticism;https://en.wikipedia.org/wiki/Eugene_Delacroix;Mademoiselle Rose;https://upload.wikimedia.org/wikipedia/commons/5/53/Eug%C3%A8ne_Ferdinand_Victor_Delacroix_024.jpg;Louvre;Tableau
Eugene Delacroix;1798 – 1863;Romanticism;https://en.wikipedia.org/wiki/Eugene_Delacroix;Orphan Girl at the Cemetery;https://upload.wikimedia.org/wikipedia/commons/3/37/Eug%C3%A8ne_Delacroix_-_Jeune_orpheline_au_cimeti%C3%A8re_%28vers_1824%29.JPG;Louvre;Tableau
Eugene Delacroix;1798 – 1863;Romanticism;https://en.wikipedia.org/wiki/Eugene_Delacroix;The Combat of the Giaour and Hassan;https://upload.wikimedia.org/wikipedia/commons/c/c8/Eug%C3%A8ne_Ferdinand_Victor_Delacroix_021.jpg;Art Institute of Chicago;Tableau
Eugene Delacroix;1798 – 1863;Romanticism;https://en.wikipedia.org/wiki/Eugene_Delacroix;Woman with a Parrot;https://upload.wikimedia.org/wikipedia/commons/c/c4/Delacroix%2C_Eug%C3%A8ne_Ferdinand_Victor_-_Woman_with_a_Parrot_-_1827.jpg;Museum of Fine Arts of Lyon;Tableau
Eugene Delacroix;1798 – 1863;Romanticism;https://en.wikipedia.org/wiki/Eugene_Delacroix;Woman With White Socks;https://upload.wikimedia.org/wikipedia/commons/6/6c/Delacroix%2C_La_Femme_aux_bas_blancs.jpg;Louvre;Tableau
Eugene Delacroix;1798 – 1863;Romanticism;https://en.wikipedia.org/wiki/Eugene_Delacroix;A Young Tiger Playing with its Mother;https://upload.wikimedia.org/wikipedia/commons/a/ad/Young_tiger_playing_with_its_mother.jpg;Louvre;Tableau
Kazimir Malevich;1879 - 1935;Suprematism;http://en.wikipedia.org/wiki/Kazimir_Malevich;Flower Girl;https://upload.wikimedia.org/wikipedia/commons/8/81/Flowergirl.jpg;;Tableau
Kazimir Malevich;1879 - 1935;Suprematism;http://en.wikipedia.org/wiki/Kazimir_Malevich;Bathers;https://upload.wikimedia.org/wikipedia/commons/0/0e/Bathers.jpg;;Tableau
Kazimir Malevich;1879 - 1935;Suprematism;http://en.wikipedia.org/wiki/Kazimir_Malevich;Winter;https://upload.wikimedia.org/wikipedia/commons/6/67/Winter_Landscape_%28Malevich%2C_1930%29.jpg;;Tableau
Kazimir Malevich;1879 - 1935;Suprematism;http://en.wikipedia.org/wiki/Kazimir_Malevich;Taking in the Rye;https://upload.wikimedia.org/wikipedia/commons/3/3b/Taking_in_the_Rye_Kazimir_Malevich_1911.jpeg;;Tableau
Kazimir Malevich;1879 - 1935;Suprematism;http://en.wikipedia.org/wiki/Kazimir_Malevich;Self-portrait;https://upload.wikimedia.org/wikipedia/commons/a/ac/Selfportrait_%28Rembrandt_Harmensz._van_Rijn%29_-_Nationalmuseum_-_22374.tif;;Tableau
Kazimir Malevich;1879 - 1935;Suprematism;http://en.wikipedia.org/wiki/Kazimir_Malevich;Head of a Peasant Girl;https://upload.wikimedia.org/wikipedia/commons/6/61/Head_of_a_Peasant_Girl.jpg;;Tableau
Kazimir Malevich;1879 - 1935;Suprematism;http://en.wikipedia.org/wiki/Kazimir_Malevich;Bureau and Room;https://upload.wikimedia.org/wikipedia/commons/1/14/Bureau_and_Room.jpg;;Tableau
Kazimir Malevich;1879 - 1935;Suprematism;http://en.wikipedia.org/wiki/Kazimir_Malevich;Cow and Fiddle;https://upload.wikimedia.org/wikipedia/commons/2/2c/Cow_and_Fiddle.jpg;;Tableau
Kazimir Malevich;1879 - 1935;Suprematism;http://en.wikipedia.org/wiki/Kazimir_Malevich;Englishman in Moscow;https://upload.wikimedia.org/wikipedia/commons/7/71/Englishman_in_Moscow.jpg;;Tableau
Joan Miro;1893 – 1983;Surrealism;https://en.wikipedia.org/wiki/Joan_Miro;Pla de l'Os;https://upload.wikimedia.org/wikipedia/commons/e/e6/JuanMiroMosaic.jpg;;Sculpture
Gustav Klimt;1862 - 1918;Symbolism;http://en.wikipedia.org/wiki/Gustav_Klimt;IdylleIdylls;https://upload.wikimedia.org/wikipedia/commons/d/dd/Idylle_%28Idylls%29.jpg;Vienna Museum;Tableau
Gustav Klimt;1862 - 1918;Symbolism;http://en.wikipedia.org/wiki/Gustav_Klimt;Der BlindeThe Blind Man;https://upload.wikimedia.org/wikipedia/commons/6/69/Gustav_Klimt_-_Blind_Man_-_Google_Art_Project.jpg;Leopold Museum;Tableau
Gustav Klimt;1862 - 1918;Symbolism;http://en.wikipedia.org/wiki/Gustav_Klimt;Stiller Weiher;https://upload.wikimedia.org/wikipedia/commons/e/ec/Gustav_Klimt_-_Tranquil_Pond_%28Egelsee_near_Golling%2C_Salzburg%29_-_Google_Art_Project.jpg;Leopold Museum;Tableau
Gustav Klimt;1862 - 1918;Symbolism;http://en.wikipedia.org/wiki/Gustav_Klimt;Jurisprudence;https://upload.wikimedia.org/wikipedia/commons/9/9d/Jurisprudence-final-state-1907.jpg;;Tableau
Gustav Klimt;1862 - 1918;Symbolism;http://en.wikipedia.org/wiki/Gustav_Klimt;Medicine;https://upload.wikimedia.org/wikipedia/commons/c/c8/Klimtmedicinephoto.jpg;;Tableau
Gustav Klimt;1862 - 1918;Symbolism;http://en.wikipedia.org/wiki/Gustav_Klimt;Medicine;https://upload.wikimedia.org/wikipedia/commons/c/c8/Klimtmedicinephoto.jpg;;Tableau
Gustav Klimt;1862 - 1918;Symbolism;http://en.wikipedia.org/wiki/Gustav_Klimt;Schubert am KlavierSchubert at the Piano;https://upload.wikimedia.org/wikipedia/commons/9/90/Schubert-Klimt.jpg;;Tableau
Gustav Klimt;1862 - 1918;Symbolism;http://en.wikipedia.org/wiki/Gustav_Klimt;Judith and the Head of Holofernes;https://upload.wikimedia.org/wikipedia/commons/9/92/Gustav_Klimt_039.jpg;;Tableau
Gustav Klimt;1862 - 1918;Symbolism;http://en.wikipedia.org/wiki/Gustav_Klimt;The Beethoven Frieze: The Hostile Powers;https://upload.wikimedia.org/wikipedia/commons/9/9e/Gustav-Klimt-The-Beethoven-Frieze-The-Hostile-Powers.-Far-Wall.jpg;Secession Building;Tableau
Paul Gauguin;1848 – 1903;Symbolism;http://en.wikipedia.org/wiki/Paul_Gauguin;The Market Gardens of Vaugirard;https://upload.wikimedia.org/wikipedia/commons/7/77/Paul_Gauguin_064.jpg;Smith College Museum of Art;Tableau
Paul Gauguin;1848 – 1903;Symbolism;http://en.wikipedia.org/wiki/Paul_Gauguin;Winter Landscape;https://upload.wikimedia.org/wikipedia/commons/b/b9/Paul_Gauguin_059.jpg;Museum of Fine Arts Budapest;Tableau
Paul Gauguin;1848 – 1903;Symbolism;http://en.wikipedia.org/wiki/Paul_Gauguin;Portrait of Madame Gauguin;https://upload.wikimedia.org/wikipedia/commons/c/c3/Paul_Gauguin%2C_1880%2C_The_Embroiderer_%28La_Brodeuse%29%2C_oil_on_canvas%2C_116_x_81_cm%2C_Foundation_E.G._B%C3%BChrle.jpg;Foundation E.G. Bührle;Tableau
Paul Gauguin;1848 – 1903;Symbolism;http://en.wikipedia.org/wiki/Paul_Gauguin;Garden in Vaugirard;https://upload.wikimedia.org/wikipedia/commons/d/d8/Paul_Gauguin_060.jpg;Ny Carlsberg Glyptotek;Tableau
Paul Gauguin;1848 – 1903;Symbolism;http://en.wikipedia.org/wiki/Paul_Gauguin;Women Bathing;https://upload.wikimedia.org/wikipedia/commons/3/38/Gauguin_Women_Bathing.jpg;National Museum of Western Art Tokyo;Tableau
Paul Gauguin;1848 – 1903;Symbolism;http://en.wikipedia.org/wiki/Paul_Gauguin;Breton Girl;https://upload.wikimedia.org/wikipedia/commons/5/52/Gauguin_-_Bretonne.jpg;Burrell Collection;Tableau
Paul Gauguin;1848 – 1903;Symbolism;http://en.wikipedia.org/wiki/Paul_Gauguin;Breton Bather;https://upload.wikimedia.org/wikipedia/commons/b/b2/Paul_Gauguin%2C_1886-87%2C_Breton_Bather%2C_Art_Institute_of_Chicago.jpg;Art Institute of Chicago;Tableau
Paul Gauguin;1848 – 1903;Symbolism;http://en.wikipedia.org/wiki/Paul_Gauguin;Still Life with Profile of Laval;https://upload.wikimedia.org/wikipedia/commons/8/85/Gauguin%2C_Paul_-_Still_Life_with_Profile_of_Laval_-_Google_Art_Project.jpg;Charles Laval;Tableau