Titre;Mouvement;Author;Type;;;;;;;;;;;;;;;;;;;;;;
Mythologie Et Amours;Art Contemporain;;;;;;;;;;;;;;;;;;;;;;;;
Uderzo, Comme Une Potion Magique;Beaux-Arts;;;;;;;;;;;;;;;;;;;;;;;;
Napoléon ? Encore ! - De Marina Abramović À Yan Pei-Ming;Histoire;;;;;;;;;;;;;;;;;;;;;;;;
Phono Museum Paris, Le Musée Du Son Enregistré;Sciences;;;;;;;;;;;;;;;;;;;;;;;;
Océans Et Mers Plastifiés;Sciences;;;;;;;;;;;;;;;;;;;;;;;;
"Vernissage : ""Réunion De Particules En Corps Solides""";Art Contemporain;;;;;;;;;;;;;;;;;;;;;;;;
Giacometti Et L'Égypte Antique;Beaux-Arts;;Sculpture;;;;;;;;;;;;;;;;;;;;;;
D'Une Bulle À L'Autre...;Art Contemporain;;;;;;;;;;;;;;;;;;;;;;;;
La Collection Morozov - Icônes De L’Art Moderne;Impressioniste;Paul Cezanne;Tableau;;;;;;;;;;;;;;;;;;;;;;
La Collection Morozov - Icônes De L’Art Moderne;Impressioniste;Paul Gauguin;Tableau;;;;;;;;;;;;;;;;;;;;;;
La Collection Morozov - Icônes De L’Art Moderne;Impressioniste;Claude Monet;Tableau;;;;;;;;;;;;;;;;;;;;;;
Chagall, Modigliani, Soutine… Paris Pour École;Primitivism;Amedeo Modigliani;Tableau;;;;;;;;;;;;;;;;;;;;;;
Chagall, Modigliani, Soutine… Paris Pour École;Primitivism;Marc Chagall;Tableau;;;;;;;;;;;;;;;;;;;;;;
L’Art Du Collage Par Magoo Mc Coy;Beaux-Arts;;;;;;;;;;;;;;;;;;;;;;;;
"Exposition ""Le Corps Humain""";Sciences;;;;;;;;;;;;;;;;;;;;;;;;
Exposition Hotel Sahara;Art Contemporain;;;;;;;;;;;;;;;;;;;;;;;;
Édition Limitée - Vollard, Petiet Et L'Estampe De Maîtres;Primitivism;Marc Chagall;Tableau;;;;;;;;;;;;;;;;;;;;;;
Édition Limitée - Vollard, Petiet Et L'Estampe De Maîtres;Primitivism;Pablo Picasso;Tableau;;;;;;;;;;;;;;;;;;;;;;
Exposition Kott & Hana By Quand Les Fleurs Nous Sauvent;Art Contemporain;;;;;;;;;;;;;;;;;;;;;;;;
Victor Hugo. Dessins;Beaux-Arts;;;;;;;;;;;;;;;;;;;;;;;;
Itinérances De L’Être – Vol1;Art Contemporain;;;;;;;;;;;;;;;;;;;;;;;;
Rencontre Avec L'Artiste Christelle Téa;Art Contemporain;;;;;;;;;;;;;;;;;;;;;;;;
Picasso - Rodin;Cubism;Pablo Picasso;Tableau;;;;;;;;;;;;;;;;;;;;;;
Artpositive;Art Contemporain;;;;;;;;;;;;;;;;;;;;;;;;
Visite Guidée De L’Exposition En Présence De L’Artiste;Art Contemporain;;;;;;;;;;;;;;;;;;;;;;;;
Exposition Ahmad Abdallah Dandori;Art Contemporain;;Tableau;;;;;;;;;;;;;;;;;;;;;;
"Exposition / ""Contre Notre Meilleure Nature"" - Grace Grothau";Art Contemporain;;;;;;;;;;;;;;;;;;;;;;;;
À Première Vue;Art Contemporain;;;;;;;;;;;;;;;;;;;;;;;;
Fake News - Art, Fiction, Mensonge;Art Contemporain;;;;;;;;;;;;;;;;;;;;;;;;
Bretagne :: François Avril;Art Contemporain;;Sculpture;;;;;;;;;;;;;;;;;;;;;;
Yvette De La Frémondière;Art Contemporain;;Sculpture;;;;;;;;;;;;;;;;;;;;;;
Minhwa « Chaekgeori... De La Beauté Des Livres »;Art Contemporain;;;;;;;;;;;;;;;;;;;;;;;;
Accrochage Pauline Viardot;Beaux-Arts;;;;;;;;;;;;;;;;;;;;;;;;
Exposition Collective_Festival;Art Contemporain;;Tableau;;;;;;;;;;;;;;;;;;;;;;
Bio-Inspirée, Une Autre Approche L'Exposition;Sciences;;;;;;;;;;;;;;;;;;;;;;;;
For Ever Play;Art Contemporain;;;;;;;;;;;;;;;;;;;;;;;;
Poème Pour Demain – Adam W. Pugliese;Art Contemporain;;;;;;;;;;;;;;;;;;;;;;;;
Événement / Simply Sitting, Working Together;Art Contemporain;;;;;;;;;;;;;;;;;;;;;;;;
Des Images Et Des Hommes  - Bamiyan 20 AprèS.;Histoire;;;;;;;;;;;;;;;;;;;;;;;;
Tempêtes Et Naufrages. De Vernet À Courbet;Romanticism;Gustave Courbet;Tableau;;;;;;;;;;;;;;;;;;;;;;
Dalí, L’Énigme Sans Fin;Surrealism;Salvador Dalí;Tableau;;;;;;;;;;;;;;;;;;;;;;
"Exposition; À Corps Et À Cris";Beaux-Arts;;;;;;;;;;;;;;;;;;;;;;;;
Antique Quantique - Dali Paris Invite Léo Caillard;Art Contemporain;;;;;;;;;;;;;;;;;;;;;;;;
Discussion Avec Hossein Valamanesh;Art Contemporain;;;;;;;;;;;;;;;;;;;;;;;;
Exposition D'Une Œuvre D'Yvan Salomone, Ateliers, Rencontres;Art Contemporain;;;;;;;;;;;;;;;;;;;;;;;;
Animal Art Paris 2021;Beaux-Arts;;;;;;;;;;;;;;;;;;;;;;;;
Daniela Capaccioli;Art Contemporain;;;;;;;;;;;;;;;;;;;;;;;;
Les Passants;Beaux-Arts;;;;;;;;;;;;;;;;;;;;;;;;
Henri Cartier-Bresson - Revoir Paris;Histoire;;Photographie;;;;;;;;;;;;;;;;;;;;;;
Musées Dessinés, Une Exposition De Christelle Téa;Art Contemporain;;;;;;;;;;;;;;;;;;;;;;;;
Hippocampes;Sciences;;;;;;;;;;;;;;;;;;;;;;;;
Damien Hirst, Cerisiers En Fleurs;Histoire;;Tableau;;;;;;;;;;;;;;;;;;;;;;
Ce Qui S'Oublie Et Ce Qui Reste;Art Contemporain;;;;;;;;;;;;;;;;;;;;;;;;
L'Heure Bleue - Peder Severin Krøyer;Impressionism;Peder Severin Krøyer;Tableau;;;;;;;;;;;;;;;;;;;;;;
Exposition « Rêves Éveillés » — Hao Shuo;Art Contemporain;;;;;;;;;;;;;;;;;;;;;;;;